,predictedAges
15184552,18 to 24
17720699,18 to 24
18455290,18 to 24
18493099,18 to 24
21068481,18 to 24
21545149,18 to 24
21892600,18 to 24
22112669,18 to 24
23498381,18 to 24
23882388,18 to 24
24066505,18 to 24
24329308,18 to 24
24933830,18 to 24
25206158,18 to 24
25301985,18 to 24
25953256,18 to 24
26536556,18 to 24
26763010,18 to 24
26864835,18 to 24
27191125,18 to 24
27514192,18 to 24
28732889,18 to 24
28849822,18 to 24
28980931,18 to 24
29030425,18 to 24
29527170,18 to 24
29758179,18 to 24
29827695,18 to 24
31011241,18 to 24
31522496,18 to 24
32734602,18 to 24
32826186,18 to 24
33157873,18 to 24
33253699,18 to 24
34057011,18 to 24
37882733,18 to 24
38791216,18 to 24
39002610,18 to 24
40355058,18 to 24
41509182,18 to 24
41955380,18 to 24
42838670,18 to 24
44515388,18 to 24
45101308,18 to 24
45879405,18 to 24
46185544,18 to 24
47252760,18 to 24
47406613,18 to 24
47407860,18 to 24
49151318,18 to 24
49728872,18 to 24
50164306,18 to 24
52282146,18 to 24
53638658,18 to 24
53750606,18 to 24
53910145,18 to 24
54720670,18 to 24
54745319,18 to 24
56542572,18 to 24
57980512,18 to 24
58090501,18 to 24
59020629,18 to 24
59591608,18 to 24
59709437,18 to 24
59728292,18 to 24
60226082,18 to 24
60460909,18 to 24
60844994,18 to 24
62644255,18 to 24
64754540,18 to 24
64816131,18 to 24
66257388,18 to 24
66280263,18 to 24
66680616,18 to 24
68670736,18 to 24
68758256,18 to 24
69201022,18 to 24
69451454,18 to 24
71702645,18 to 24
73920793,18 to 24
75544213,18 to 24
76095950,18 to 24
76965571,18 to 24
77504432,18 to 24
78421276,18 to 24
82660490,18 to 24
83806319,18 to 24
84523602,18 to 24
86973620,18 to 24
91626152,18 to 24
91730811,18 to 24
93235910,18 to 24
93558409,18 to 24
94347257,18 to 24
94463484,18 to 24
97014232,18 to 24
98316890,18 to 24
98468246,18 to 24
98948761,18 to 24
100156000,18 to 24
104117707,18 to 24
104899121,18 to 24
105535673,18 to 24
106712495,18 to 24
110602784,18 to 24
111808063,18 to 24
113864936,18 to 24
116274810,18 to 24
116976998,18 to 24
117244043,18 to 24
117880616,18 to 24
118222756,18 to 24
121845892,18 to 24
123986582,18 to 24
126144385,18 to 24
126445228,18 to 24
127419819,18 to 24
127617927,18 to 24
127799707,18 to 24
129661987,18 to 24
130357230,18 to 24
133459319,18 to 24
136002032,18 to 24
136090768,18 to 24
136474149,18 to 24
139265358,18 to 24
145294009,18 to 24
147316268,18 to 24
147480662,18 to 24
148476027,18 to 24
148981287,18 to 24
150466705,18 to 24
150694939,18 to 24
156152331,18 to 24
156430551,18 to 24
157638435,18 to 24
159835541,18 to 24
161918484,18 to 24
162591207,18 to 24
162914383,18 to 24
163009883,18 to 24
163269838,18 to 24
164007640,18 to 24
165589084,18 to 24
165734297,18 to 24
167330787,18 to 24
167892253,18 to 24
168407455,18 to 24
168823845,18 to 24
170041619,18 to 24
172088666,18 to 24
172471822,18 to 24
172634939,18 to 24
173379222,18 to 24
176781932,18 to 24
177138503,18 to 24
177708355,18 to 24
177722825,18 to 24
178440135,18 to 24
178688690,18 to 24
179374025,18 to 24
182670666,18 to 24
183739716,18 to 24
184571928,18 to 24
189651379,18 to 24
191991845,18 to 24
193563712,18 to 24
195491455,18 to 24
197362793,18 to 24
197630798,18 to 24
198158530,18 to 24
200467331,18 to 24
200967903,18 to 24
205317963,18 to 24
210123500,18 to 24
210671307,18 to 24
211984552,18 to 24
211994066,18 to 24
217641559,18 to 24
217920349,18 to 24
218428087,18 to 24
219229924,18 to 24
219494414,18 to 24
220415263,18 to 24
220670174,18 to 24
221440323,18 to 24
223268867,18 to 24
226834742,18 to 24
228900535,18 to 24
229041286,18 to 24
229961320,18 to 24
231652659,18 to 24
232421373,18 to 24
234648601,18 to 24
235480871,18 to 24
236098187,18 to 24
236140541,18 to 24
236198889,18 to 24
237045988,18 to 24
237670954,18 to 24
237732312,18 to 24
238347171,18 to 24
238704788,18 to 24
238772680,18 to 24
239157035,18 to 24
239322926,18 to 24
239914446,18 to 24
240633437,18 to 24
240669492,18 to 24
242678252,18 to 24
256857436,18 to 24
256884641,18 to 24
257519579,18 to 24
257598620,18 to 24
258522098,18 to 24
259417059,18 to 24
260605685,18 to 24
260869415,18 to 24
262400234,18 to 24
264472773,18 to 24
267998429,18 to 24
268715196,18 to 24
270414588,18 to 24
270474272,18 to 24
271070239,18 to 24
271608323,18 to 24
274887625,18 to 24
275243402,18 to 24
275733542,18 to 24
278763361,18 to 24
279428982,18 to 24
280167765,18 to 24
282072837,18 to 24
283705446,18 to 24
283748645,18 to 24
285209411,18 to 24
285721708,18 to 24
286591526,18 to 24
286980489,18 to 24
288909084,18 to 24
289097937,18 to 24
291932146,18 to 24
293856743,18 to 24
294443250,18 to 24
297827631,18 to 24
300018305,18 to 24
301783122,18 to 24
305134790,18 to 24
305214977,18 to 24
305417123,18 to 24
305876193,18 to 24
306729558,18 to 24
307316990,18 to 24
307523981,18 to 24
307602739,18 to 24
309797106,18 to 24
310058378,18 to 24
313604488,18 to 24
313651874,18 to 24
315555817,18 to 24
317428284,18 to 24
318089539,18 to 24
318825320,18 to 24
319174864,18 to 24
321532273,18 to 24
321954250,18 to 24
323444006,18 to 24
323621800,18 to 24
325542813,18 to 24
327230944,18 to 24
328575167,18 to 24
328585361,18 to 24
330802870,18 to 24
331704742,18 to 24
332192280,18 to 24
332379976,18 to 24
333132730,18 to 24
334824197,18 to 24
335670766,18 to 24
336141949,18 to 24
336932929,18 to 24
337475841,18 to 24
338079349,18 to 24
340754737,18 to 24
343131727,18 to 24
343519200,18 to 24
344018389,18 to 24
348291366,18 to 24
350489193,18 to 24
351320614,18 to 24
351867884,18 to 24
351977107,18 to 24
352047905,18 to 24
352874994,18 to 24
355152204,18 to 24
356633276,18 to 24
358658174,18 to 24
360329832,18 to 24
362888589,18 to 24
363909834,18 to 24
364391418,18 to 24
367592425,18 to 24
368036478,18 to 24
368979145,18 to 24
371464477,18 to 24
373040626,18 to 24
373321646,18 to 24
375400689,18 to 24
377666263,18 to 24
378357896,18 to 24
378964087,18 to 24
380718159,18 to 24
381200755,18 to 24
381878263,18 to 24
385486472,18 to 24
386268703,18 to 24
386299364,18 to 24
386766608,18 to 24
386829803,18 to 24
386861037,18 to 24
386896250,18 to 24
387341633,18 to 24
387342303,18 to 24
391215950,18 to 24
391837411,18 to 24
403517019,18 to 24
403790784,18 to 24
404330703,18 to 24
404981392,18 to 24
408643610,18 to 24
409457567,18 to 24
409725007,18 to 24
411471753,18 to 24
411855541,18 to 24
413110414,18 to 24
413650353,18 to 24
414405269,18 to 24
415706073,18 to 24
418135334,18 to 24
419672388,18 to 24
419960970,18 to 24
421971232,18 to 24
424238933,18 to 24
429239457,18 to 24
430213362,18 to 24
430928121,18 to 24
435100443,18 to 24
439641191,18 to 24
445134413,18 to 24
446682957,18 to 24
447254819,18 to 24
448333391,18 to 24
448541187,18 to 24
448559442,18 to 24
452531639,18 to 24
455307160,18 to 24
459034670,18 to 24
464621002,18 to 24
468060355,18 to 24
469733802,18 to 24
470200154,18 to 24
470451905,18 to 24
472616150,18 to 24
477020470,18 to 24
477465705,18 to 24
478885261,18 to 24
480938481,18 to 24
485966005,18 to 24
487144053,18 to 24
488157267,18 to 24
489100566,18 to 24
494663750,18 to 24
498443919,18 to 24
500900174,18 to 24
502480918,18 to 24
503527404,18 to 24
506659088,18 to 24
507979347,18 to 24
509489937,18 to 24
511347677,18 to 24
517972942,18 to 24
519517507,18 to 24
520931830,18 to 24
524829674,18 to 24
533255746,18 to 24
534492429,18 to 24
534694024,18 to 24
536691435,18 to 24
539027956,18 to 24
541355731,18 to 24
542816573,18 to 24
542998717,18 to 24
547777682,18 to 24
552689765,18 to 24
554977961,18 to 24
556367159,18 to 24
584518307,18 to 24
585623633,18 to 24
591717623,18 to 24
595866878,18 to 24
596197818,18 to 24
597925195,18 to 24
606023098,18 to 24
607361835,18 to 24
610311758,18 to 24
612183643,18 to 24
615139167,18 to 24
616620021,18 to 24
618183285,18 to 24
619169179,18 to 24
620289006,18 to 24
621811682,18 to 24
624349217,18 to 24
633157728,18 to 24
635819704,18 to 24
702371544,18 to 24
706647578,18 to 24
707279672,18 to 24
710320590,18 to 24
711810859,18 to 24
717289784,18 to 24
719488537,18 to 24
720230080,18 to 24
721392972,18 to 24
729305923,18 to 24
732139730,18 to 24
734764555,18 to 24
735086305,18 to 24
742034839,18 to 24
771114524,18 to 24
774670728,18 to 24
794693886,18 to 24
796636237,18 to 24
799569512,18 to 24
813917857,18 to 24
814208420,18 to 24
818380764,18 to 24
855729794,18 to 24
862290169,18 to 24
866144676,18 to 24
867499837,18 to 24
880967809,18 to 24
882202459,18 to 24
887591574,18 to 24
891685429,18 to 24
902608314,18 to 24
910729429,18 to 24
921152618,18 to 24
921361130,18 to 24
923745145,18 to 24
928722684,18 to 24
953986417,18 to 24
962486413,18 to 24
967100244,18 to 24
967719582,18 to 24
976887432,18 to 24
989260644,18 to 24
998326339,18 to 24
1001014502,18 to 24
1012591254,18 to 24
1021473408,18 to 24
1025564755,18 to 24
1062350274,18 to 24
1072349106,18 to 24
1091576676,18 to 24
1104599156,18 to 24
1137255254,18 to 24
1143322008,18 to 24
1144070772,18 to 24
1145955276,18 to 24
1169575406,18 to 24
1173993452,18 to 24
1189661058,18 to 24
1192544528,18 to 24
1205212734,18 to 24
1239770984,18 to 24
1247776058,18 to 24
1267911398,18 to 24
1290784616,18 to 24
1320569833,18 to 24
1342269822,18 to 24
1447591003,18 to 24
1452386256,18 to 24
1467881940,18 to 24
1481462503,18 to 24
1484155832,18 to 24
1495963021,18 to 24
1515203262,18 to 24
1515237732,18 to 24
1534212378,18 to 24
1534955306,18 to 24
1535691060,18 to 24
1540239925,18 to 24
1554349182,18 to 24
1585619899,18 to 24
1634041220,18 to 24
1641066781,18 to 24
1648807915,18 to 24
1660810921,18 to 24
1665699108,18 to 24
1668556807,18 to 24
1688930473,18 to 24
1716977514,18 to 24
1723963434,18 to 24
1739540563,18 to 24
1881011142,18 to 24
1888745402,18 to 24
1889130164,18 to 24
1904503736,18 to 24
1912822129,18 to 24
1935144956,18 to 24
1944818563,18 to 24
1977339272,18 to 24
2161510380,18 to 24
2162855460,18 to 24
2164111988,18 to 24
2165065756,18 to 24
2170176197,18 to 24
2170446606,18 to 24
2172339198,18 to 24
2178642716,18 to 24
2178754681,18 to 24
2195440501,18 to 24
2207254850,18 to 24
2218588492,18 to 24
2221699518,18 to 24
2229054556,18 to 24
2246180454,18 to 24
2254347176,18 to 24
2274336649,18 to 24
2307750200,18 to 24
2309452902,18 to 24
2322774504,18 to 24
2325271081,18 to 24
2330856008,18 to 24
2352353484,18 to 24
2361907070,18 to 24
2366987411,18 to 24
2369720497,18 to 24
2384328956,18 to 24
2392055491,18 to 24
2393556631,18 to 24
2396214866,18 to 24
2399939333,18 to 24
2409243319,18 to 24
2431548680,18 to 24
2439955908,18 to 24
2447238155,18 to 24
2447437371,18 to 24
2463994706,18 to 24
2496077025,18 to 24
2496665858,18 to 24
2516422081,18 to 24
2578087433,18 to 24
2660703184,18 to 24
2661333338,18 to 24
2688557329,18 to 24
2705896350,18 to 24
2723115782,18 to 24
2726751333,18 to 24
2728184347,18 to 24
2731624753,18 to 24
2731803154,18 to 24
2737362628,18 to 24
2746941791,18 to 24
2760369253,18 to 24
2768358032,18 to 24
2776874322,18 to 24
2777801791,18 to 24
2784652268,18 to 24
